BEGIN:VCALENDAR
VERSION:2.0
PRODID:ics.py - http://git.io/lLljaA
BEGIN:VEVENT
DTSTART;VALUE=DATE:20200106
DESCRIPTION:# https://datos.madrid.es/egob/catalogo/300082-0-calendario_laboral.csv
SUMMARY:Epifania del Señor (Estatal)
UID:aa7e88c9-b15e-4e5b-930d-f1613584eb90@aa7e.org
END:VEVENT
BEGIN:VEVENT
DTSTART;VALUE=DATE:20251206
DESCRIPTION:# https://datos.madrid.es/portal/site/egob/menuitem.c05c1f754a33a9fbe4b2e4b284f1a5a0/?vgnextoid=9f710c96da3f9510VgnVCM2000001f4a900aRCRD&vgnextchannel=374512b9ace9f310VgnVCM100000171f5a0aRCRD&vgnextfmt=default
SUMMARY:Día de la Constitución Española (Estatal)
UID:a3121761-608a-4c57-8f36-7529cd3a9e89@a312.org
END:VEVENT
BEGIN:VEVENT
DTSTART;VALUE=DATE:20220106
DESCRIPTION:# https://datos.madrid.es/egob/catalogo/300082-0-calendario_laboral.csv
SUMMARY:Epifanía del Señor (Estatal)
UID:577c1da5-ce2e-4cac-858d-68cfd2746281@577c.org
END:VEVENT
BEGIN:VEVENT
DTSTART;VALUE=DATE:20201225
DESCRIPTION:# https://datos.madrid.es/egob/catalogo/300082-0-calendario_laboral.csv
SUMMARY:Natividad del Señor (Estatal)
UID:fa392258-acde-49ed-85dc-bf47a436d300@fa39.org
END:VEVENT
BEGIN:VEVENT
DTSTART;VALUE=DATE:20250417
DESCRIPTION:# https://datos.madrid.es/portal/site/egob/menuitem.c05c1f754a33a9fbe4b2e4b284f1a5a0/?vgnextoid=9f710c96da3f9510VgnVCM2000001f4a900aRCRD&vgnextchannel=374512b9ace9f310VgnVCM100000171f5a0aRCRD&vgnextfmt=default
SUMMARY:Jueves Santo (Estatal)
UID:8ca187fe-6eb4-48cd-b40c-a2fed4078da4@8ca1.org
END:VEVENT
BEGIN:VEVENT
DTSTART;VALUE=DATE:20201012
DESCRIPTION:# https://datos.madrid.es/egob/catalogo/300082-0-calendario_laboral.csv
SUMMARY:Fiesta Nacional de España (Estatal)
UID:a64d67d7-97fc-4568-bd00-ce000a1ed747@a64d.org
END:VEVENT
BEGIN:VEVENT
DTSTART;VALUE=DATE:20210101
DESCRIPTION:# https://datos.madrid.es/egob/catalogo/300082-0-calendario_laboral.csv
SUMMARY:Año Nuevo (Estatal)
UID:c87ea7cd-c238-4a38-9901-b18f30f678db@c87e.org
END:VEVENT
BEGIN:VEVENT
DTSTART;VALUE=DATE:20220725
DESCRIPTION:# https://datos.madrid.es/egob/catalogo/300082-0-calendario_laboral.csv
SUMMARY:Santiago Apóstol (Autonómica)
UID:0ece85b9-4e7c-4aef-a6eb-7615ee386dbc@0ece.org
END:VEVENT
BEGIN:VEVENT
DTSTART;VALUE=DATE:20240101
DESCRIPTION:# https://www.madrid.es/portales/munimadrid/es/Inicio/Buscador/Calendario-oficial-laboral-y-de-dias-inhabiles-y-festivos-2024-para-Madrid/?vgnextfmt=default&vgnextoid=278557e8f60fa810VgnVCM2000001f4a900aRCRD&vgnextchannel=7db8fc12aa936610VgnVCM1000008a4a900aRCRD
SUMMARY:Año Nuevo (Estatal)
UID:e7a6b774-7819-46ba-a4f7-bd5ae1c017f5@e7a6.org
END:VEVENT
BEGIN:VEVENT
DTSTART;VALUE=DATE:20240725
DESCRIPTION:# https://www.madrid.es/portales/munimadrid/es/Inicio/Buscador/Calendario-oficial-laboral-y-de-dias-inhabiles-y-festivos-2024-para-Madrid/?vgnextfmt=default&vgnextoid=278557e8f60fa810VgnVCM2000001f4a900aRCRD&vgnextchannel=7db8fc12aa936610VgnVCM1000008a4a900aRCRD
SUMMARY:Santiago Apóstol (Autonómica)
UID:c3716750-0dea-4a9d-86a2-4c4c8498db2d@c371.org
END:VEVENT
BEGIN:VEVENT
DTSTART;VALUE=DATE:20230406
DESCRIPTION:# https://datos.madrid.es/egob/catalogo/300082-0-calendario_laboral.csv
SUMMARY:Jueves Santo (Estatal)
UID:a737636c-e190-40b8-af12-f5caba9691a4@a737.org
END:VEVENT
BEGIN:VEVENT
DTSTART;VALUE=DATE:20210503
DESCRIPTION:# https://datos.madrid.es/egob/catalogo/300082-0-calendario_laboral.csv
SUMMARY:Traslado Fiesta de la Comunidad de Madrid (Autonómica)
UID:1a855b05-56ec-4460-b839-695865632ea1@1a85.org
END:VEVENT
BEGIN:VEVENT
DTSTART;VALUE=DATE:20241206
DESCRIPTION:# https://www.madrid.es/portales/munimadrid/es/Inicio/Buscador/Calendario-oficial-laboral-y-de-dias-inhabiles-y-festivos-2024-para-Madrid/?vgnextfmt=default&vgnextoid=278557e8f60fa810VgnVCM2000001f4a900aRCRD&vgnextchannel=7db8fc12aa936610VgnVCM1000008a4a900aRCRD
SUMMARY:Día de la Constitución Española (Estatal)
UID:fafe894a-672f-4b2f-8f11-6afdac230f69@fafe.org
END:VEVENT
BEGIN:VEVENT
DTSTART;VALUE=DATE:20231208
DESCRIPTION:# https://datos.madrid.es/egob/catalogo/300082-0-calendario_laboral.csv
SUMMARY:Día de la Inmaculada Concepcion (Estatal)
UID:c2aed691-558d-4088-87ab-224be6dce1a5@c2ae.org
END:VEVENT
BEGIN:VEVENT
DTSTART;VALUE=DATE:20231225
DESCRIPTION:# https://datos.madrid.es/egob/catalogo/300082-0-calendario_laboral.csv
SUMMARY:Natividad del Señor (Estatal)
UID:fb559310-4700-462a-bb69-279c8a2b7102@fb55.org
END:VEVENT
BEGIN:VEVENT
DTSTART;VALUE=DATE:20230407
DESCRIPTION:# https://datos.madrid.es/egob/catalogo/300082-0-calendario_laboral.csv
SUMMARY:Viernes Santo (Estatal)
UID:7c0e9bc5-d73c-4f04-8939-bb1eadff96d1@7c0e.org
END:VEVENT
BEGIN:VEVENT
DTSTART;VALUE=DATE:20201109
DESCRIPTION:# https://datos.madrid.es/egob/catalogo/300082-0-calendario_laboral.csv
SUMMARY:Ntra. Sra. de la Almudena. Patrona de la ciudad (Local)
UID:f0ab8485-33d2-455a-968b-bd30ad00bbaf@f0ab.org
END:VEVENT
BEGIN:VEVENT
DTSTART;VALUE=DATE:20261102
DESCRIPTION:# https://www.madrid.es/portales/munimadrid/es/Inicio/Buscador/Calendario-oficial-laboral-y-de-dias-inhabiles-y-festivos-2026-para-Madrid/?vgnextfmt=default&vgnextoid=b59770d1c3589910VgnVCM100000891ecb1aRCRD&vgnextchannel=7db8fc12aa936610VgnVCM1000008a4a900aRCRD
SUMMARY:Traslado de Todos los Santos (Estatal)
UID:dec4ad09-35f5-4501-92aa-945c96db1585@dec4.org
END:VEVENT
BEGIN:VEVENT
DTSTART;VALUE=DATE:20200410
DESCRIPTION:# https://datos.madrid.es/egob/catalogo/300082-0-calendario_laboral.csv
SUMMARY:Viernes Santo (Estatal)
UID:a4e15964-53ac-444c-ba73-1df54223b625@a4e1.org
END:VEVENT
BEGIN:VEVENT
DTSTART;VALUE=DATE:20250515
DESCRIPTION:# https://datos.madrid.es/portal/site/egob/menuitem.c05c1f754a33a9fbe4b2e4b284f1a5a0/?vgnextoid=9f710c96da3f9510VgnVCM2000001f4a900aRCRD&vgnextchannel=374512b9ace9f310VgnVCM100000171f5a0aRCRD&vgnextfmt=default
SUMMARY:San Isidro Labrador (Local)
UID:9d6786d0-5f02-4881-a209-4f9fb023a3df@9d67.org
END:VEVENT
BEGIN:VEVENT
DTSTART;VALUE=DATE:20230815
DESCRIPTION:# https://datos.madrid.es/egob/catalogo/300082-0-calendario_laboral.csv
SUMMARY:Asunción de la Virgen (Estatal)
UID:b903093f-6bf2-47aa-aaeb-7e8d035deae9@b903.org
END:VEVENT
BEGIN:VEVENT
DTSTART;VALUE=DATE:20201207
DESCRIPTION:# https://datos.madrid.es/egob/catalogo/300082-0-calendario_laboral.csv
SUMMARY:Traslado del Día de la Constitución (Estatal)
UID:6711c2f5-4227-4291-bc92-bc7aae784269@6711.org
END:VEVENT
BEGIN:VEVENT
DTSTART;VALUE=DATE:20221109
DESCRIPTION:# https://datos.madrid.es/egob/catalogo/300082-0-calendario_laboral.csv
SUMMARY:Nuesta Señora de la Almudena (Local)
UID:1682d243-f4ac-47ce-b2ff-93b92ec61cf9@1682.org
END:VEVENT
BEGIN:VEVENT
DTSTART;VALUE=DATE:20220101
DESCRIPTION:# https://datos.madrid.es/egob/catalogo/300082-0-calendario_laboral.csv
SUMMARY:Año Nuevo (Estatal)
UID:4d62af2c-3664-41d8-98b3-7d006267f771@4d62.org
END:VEVENT
BEGIN:VEVENT
DTSTART;VALUE=DATE:20251225
DESCRIPTION:# https://datos.madrid.es/portal/site/egob/menuitem.c05c1f754a33a9fbe4b2e4b284f1a5a0/?vgnextoid=9f710c96da3f9510VgnVCM2000001f4a900aRCRD&vgnextchannel=374512b9ace9f310VgnVCM100000171f5a0aRCRD&vgnextfmt=default
SUMMARY:Natividad del Señor (Estatal)
UID:e4846b7d-c844-47be-9678-9a13de468a47@e484.org
END:VEVENT
BEGIN:VEVENT
DTSTART;VALUE=DATE:20260501
DESCRIPTION:# https://www.madrid.es/portales/munimadrid/es/Inicio/Buscador/Calendario-oficial-laboral-y-de-dias-inhabiles-y-festivos-2026-para-Madrid/?vgnextfmt=default&vgnextoid=b59770d1c3589910VgnVCM100000891ecb1aRCRD&vgnextchannel=7db8fc12aa936610VgnVCM1000008a4a900aRCRD
SUMMARY:Fiesta del Trabajo (Estatal)
UID:96a5a0c5-f08b-440d-acac-f4d8c531e266@96a5.org
END:VEVENT
BEGIN:VEVENT
DTSTART;VALUE=DATE:20250725
DESCRIPTION:# https://datos.madrid.es/portal/site/egob/menuitem.c05c1f754a33a9fbe4b2e4b284f1a5a0/?vgnextoid=9f710c96da3f9510VgnVCM2000001f4a900aRCRD&vgnextchannel=374512b9ace9f310VgnVCM100000171f5a0aRCRD&vgnextfmt=default
SUMMARY:Santiago Apóstol (Autonómica)
UID:cfd11de1-efbd-4b59-b1df-6c9e4a91b5a7@cfd1.org
END:VEVENT
BEGIN:VEVENT
DTSTART;VALUE=DATE:20221226
DESCRIPTION:# https://datos.madrid.es/egob/catalogo/300082-0-calendario_laboral.csv
SUMMARY:Traslado del descanso del 25 de diciembre\, Natividad del Señor (Estatal)
UID:8ba11b6e-a7aa-4252-ada5-ae502028c266@8ba1.org
END:VEVENT
BEGIN:VEVENT
DTSTART;VALUE=DATE:20210319
DESCRIPTION:# https://datos.madrid.es/egob/catalogo/300082-0-calendario_laboral.csv
SUMMARY:San José (Estatal)
UID:6de0dd50-b181-401e-a68e-6d4c60666046@6de0.org
END:VEVENT
BEGIN:VEVENT
DTSTART;VALUE=DATE:20211109
DESCRIPTION:# https://datos.madrid.es/egob/catalogo/300082-0-calendario_laboral.csv
SUMMARY:Ntra. Sra. de la Almudena. Patrona de la ciudad (Local)
UID:0b9dd423-d0d6-4677-add3-91c4de3b9b47@0b9d.org
END:VEVENT
BEGIN:VEVENT
DTSTART;VALUE=DATE:20200815
DESCRIPTION:# https://datos.madrid.es/egob/catalogo/300082-0-calendario_laboral.csv
SUMMARY:Asuncion de la Virgen (Estatal)
UID:41a72a70-23af-4f59-9636-50181889e6a6@41a7.org
END:VEVENT
BEGIN:VEVENT
DTSTART;VALUE=DATE:20231012
DESCRIPTION:# https://datos.madrid.es/egob/catalogo/300082-0-calendario_laboral.csv
SUMMARY:Fiesta Nacional de España (Estatal)
UID:2b7f8ba0-fa06-4f0d-95b9-358b3b7143a9@2b7f.org
END:VEVENT
BEGIN:VEVENT
DTSTART;VALUE=DATE:20240106
DESCRIPTION:# https://www.madrid.es/portales/munimadrid/es/Inicio/Buscador/Calendario-oficial-laboral-y-de-dias-inhabiles-y-festivos-2024-para-Madrid/?vgnextfmt=default&vgnextoid=278557e8f60fa810VgnVCM2000001f4a900aRCRD&vgnextchannel=7db8fc12aa936610VgnVCM1000008a4a900aRCRD
SUMMARY:Epifanía del Señor (Autonómica)
UID:df535f05-801e-48d2-80db-9a60a7cebe5f@df53.org
END:VEVENT
BEGIN:VEVENT
DTSTART;VALUE=DATE:20210501
DESCRIPTION:# https://datos.madrid.es/egob/catalogo/300082-0-calendario_laboral.csv
SUMMARY:Fiesta del Trabajo (Estatal)
UID:22463557-946c-4e42-b3ce-67b8b5c45ab9@2246.org
END:VEVENT
BEGIN:VEVENT
DTSTART;VALUE=DATE:20211225
DESCRIPTION:# https://datos.madrid.es/egob/catalogo/300082-0-calendario_laboral.csv
SUMMARY:Natividad del Señor (Estatal)
UID:70b6b63d-6a2d-4aba-9bc5-0c0e90a1bc75@70b6.org
END:VEVENT
BEGIN:VEVENT
DTSTART;VALUE=DATE:20240329
DESCRIPTION:# https://www.madrid.es/portales/munimadrid/es/Inicio/Buscador/Calendario-oficial-laboral-y-de-dias-inhabiles-y-festivos-2024-para-Madrid/?vgnextfmt=default&vgnextoid=278557e8f60fa810VgnVCM2000001f4a900aRCRD&vgnextchannel=7db8fc12aa936610VgnVCM1000008a4a900aRCRD
SUMMARY:Viernes Santo (Estatal)
UID:2c00db51-b81a-4f50-bafd-44d8c2d7df41@2c00.org
END:VEVENT
BEGIN:VEVENT
DTSTART;VALUE=DATE:20230515
DESCRIPTION:# https://datos.madrid.es/egob/catalogo/300082-0-calendario_laboral.csv
SUMMARY:San Isidro Labrador (Local)
UID:e3db1c03-2e03-4f8e-8e65-1f40df535bbb@e3db.org
END:VEVENT
BEGIN:VEVENT
DTSTART;VALUE=DATE:20231101
DESCRIPTION:# https://datos.madrid.es/egob/catalogo/300082-0-calendario_laboral.csv
SUMMARY:Todos los Santos (Estatal)
UID:d0fb0b43-5e5a-4c6b-95bc-70524e729986@d0fb.org
END:VEVENT
BEGIN:VEVENT
DTSTART;VALUE=DATE:20250106
DESCRIPTION:# https://datos.madrid.es/portal/site/egob/menuitem.c05c1f754a33a9fbe4b2e4b284f1a5a0/?vgnextoid=9f710c96da3f9510VgnVCM2000001f4a900aRCRD&vgnextchannel=374512b9ace9f310VgnVCM100000171f5a0aRCRD&vgnextfmt=default
SUMMARY:Epifanía del Señor (Estatal)
UID:aaba4d58-4096-4349-93a9-8593b1ba2fb8@aaba.org
END:VEVENT
BEGIN:VEVENT
DTSTART;VALUE=DATE:20221208
DESCRIPTION:# https://datos.madrid.es/egob/catalogo/300082-0-calendario_laboral.csv
SUMMARY:Inmaculada Concepcion (Estatal)
UID:a3fc9b94-1fd2-439a-bdee-2d8576661fe2@a3fc.org
END:VEVENT
BEGIN:VEVENT
DTSTART;VALUE=DATE:20251101
DESCRIPTION:# https://datos.madrid.es/portal/site/egob/menuitem.c05c1f754a33a9fbe4b2e4b284f1a5a0/?vgnextoid=9f710c96da3f9510VgnVCM2000001f4a900aRCRD&vgnextchannel=374512b9ace9f310VgnVCM100000171f5a0aRCRD&vgnextfmt=default
SUMMARY:Todos los Santos (Estatal)
UID:032f1583-d2b1-4954-8a30-71327f97b5bc@032f.org
END:VEVENT
BEGIN:VEVENT
DTSTART;VALUE=DATE:20200409
DESCRIPTION:# https://datos.madrid.es/egob/catalogo/300082-0-calendario_laboral.csv
SUMMARY:Jueves Santo (Autonómica)
UID:73aa6b65-b577-4a19-a910-337cccf2ad7e@73aa.org
END:VEVENT
BEGIN:VEVENT
DTSTART;VALUE=DATE:20220815
DESCRIPTION:# https://datos.madrid.es/egob/catalogo/300082-0-calendario_laboral.csv
SUMMARY:Asunción de la Virgen (Estatal)
UID:99123a5c-cbbb-40c2-ad9d-6b9b411a2df9@9912.org
END:VEVENT
BEGIN:VEVENT
DTSTART;VALUE=DATE:20251208
DESCRIPTION:# https://datos.madrid.es/portal/site/egob/menuitem.c05c1f754a33a9fbe4b2e4b284f1a5a0/?vgnextoid=9f710c96da3f9510VgnVCM2000001f4a900aRCRD&vgnextchannel=374512b9ace9f310VgnVCM100000171f5a0aRCRD&vgnextfmt=default
SUMMARY:Día de la Inmaculada Concepción (Estatal)
UID:f3c421da-8cde-4d85-998a-34d7bc18159d@f3c4.org
END:VEVENT
BEGIN:VEVENT
DTSTART;VALUE=DATE:20250101
DESCRIPTION:# https://datos.madrid.es/portal/site/egob/menuitem.c05c1f754a33a9fbe4b2e4b284f1a5a0/?vgnextoid=9f710c96da3f9510VgnVCM2000001f4a900aRCRD&vgnextchannel=374512b9ace9f310VgnVCM100000171f5a0aRCRD&vgnextfmt=default
SUMMARY:Año Nuevo (Estatal)
UID:ca42aa23-a26b-4099-9b8d-b53974b1cc91@ca42.org
END:VEVENT
BEGIN:VEVENT
DTSTART;VALUE=DATE:20220502
DESCRIPTION:# https://datos.madrid.es/egob/catalogo/300082-0-calendario_laboral.csv
SUMMARY:Fiesta de la Comunidad de Madrid (Autonómica)
UID:21c51bbe-ec7a-4ecd-971e-2ced0deaaf25@21c5.org
END:VEVENT
BEGIN:VEVENT
DTSTART;VALUE=DATE:20261207
DESCRIPTION:# https://www.madrid.es/portales/munimadrid/es/Inicio/Buscador/Calendario-oficial-laboral-y-de-dias-inhabiles-y-festivos-2026-para-Madrid/?vgnextfmt=default&vgnextoid=b59770d1c3589910VgnVCM100000891ecb1aRCRD&vgnextchannel=7db8fc12aa936610VgnVCM1000008a4a900aRCRD
SUMMARY:Traslado del Día de la Constitución Española (Estatal)
UID:1203e6c4-3b26-4463-85a5-4b7e461f521f@1203.org
END:VEVENT
BEGIN:VEVENT
DTSTART;VALUE=DATE:20240328
DESCRIPTION:# https://www.madrid.es/portales/munimadrid/es/Inicio/Buscador/Calendario-oficial-laboral-y-de-dias-inhabiles-y-festivos-2024-para-Madrid/?vgnextfmt=default&vgnextoid=278557e8f60fa810VgnVCM2000001f4a900aRCRD&vgnextchannel=7db8fc12aa936610VgnVCM1000008a4a900aRCRD
SUMMARY:Jueves Santo (Autonómica)
UID:1fbd816d-cf2b-4370-be7d-154e9c74ef31@1fbd.org
END:VEVENT
BEGIN:VEVENT
DTSTART;VALUE=DATE:20220414
DESCRIPTION:# https://datos.madrid.es/egob/catalogo/300082-0-calendario_laboral.csv
SUMMARY:Jueves Santo (Autonómica)
UID:2c1a0754-f451-4642-ad4b-69edb40c5326@2c1a.org
END:VEVENT
BEGIN:VEVENT
DTSTART;VALUE=DATE:20230501
DESCRIPTION:# https://datos.madrid.es/egob/catalogo/300082-0-calendario_laboral.csv
SUMMARY:Fiesta del Trabajo (Estatal)
UID:7d895bd3-135d-4e33-bf98-2420917cac2e@7d89.org
END:VEVENT
BEGIN:VEVENT
DTSTART;VALUE=DATE:20200101
DESCRIPTION:# https://datos.madrid.es/egob/catalogo/300082-0-calendario_laboral.csv
SUMMARY:Año Nuevo (Estatal)
UID:aad53af9-6242-4b00-8043-9b0f5b129420@aad5.org
END:VEVENT
BEGIN:VEVENT
DTSTART;VALUE=DATE:20211101
DESCRIPTION:# https://datos.madrid.es/egob/catalogo/300082-0-calendario_laboral.csv
SUMMARY:Día de Todos los Santos (Estatal)
UID:cde30c71-17f7-492f-a78f-715c098c2936@cde3.org
END:VEVENT
BEGIN:VEVENT
DTSTART;VALUE=DATE:20260815
DESCRIPTION:# https://www.madrid.es/portales/munimadrid/es/Inicio/Buscador/Calendario-oficial-laboral-y-de-dias-inhabiles-y-festivos-2026-para-Madrid/?vgnextfmt=default&vgnextoid=b59770d1c3589910VgnVCM100000891ecb1aRCRD&vgnextchannel=7db8fc12aa936610VgnVCM1000008a4a900aRCRD
SUMMARY:Asunción de la Virgen (Estatal)
UID:a754eb82-2ebf-4cc6-9de9-cfdddc21f6da@a754.org
END:VEVENT
BEGIN:VEVENT
DTSTART;VALUE=DATE:20231206
DESCRIPTION:# https://datos.madrid.es/egob/catalogo/300082-0-calendario_laboral.csv
SUMMARY:Día de la Constitución Española (Estatal)
UID:1cec3c6d-3119-4eb6-ab06-2700b29b508c@1cec.org
END:VEVENT
BEGIN:VEVENT
DTSTART;VALUE=DATE:20261012
DESCRIPTION:# https://www.madrid.es/portales/munimadrid/es/Inicio/Buscador/Calendario-oficial-laboral-y-de-dias-inhabiles-y-festivos-2026-para-Madrid/?vgnextfmt=default&vgnextoid=b59770d1c3589910VgnVCM100000891ecb1aRCRD&vgnextchannel=7db8fc12aa936610VgnVCM1000008a4a900aRCRD
SUMMARY:Fiesta Nacional de España (Estatal)
UID:e10aad47-106d-4409-9d2c-350fd3268a7d@e10a.org
END:VEVENT
BEGIN:VEVENT
DTSTART;VALUE=DATE:20221206
DESCRIPTION:# https://datos.madrid.es/egob/catalogo/300082-0-calendario_laboral.csv
SUMMARY:Día de la Constitución Española (Estatal)
UID:68ef0c17-9f58-4100-8ddf-d85a2451703e@68ef.org
END:VEVENT
BEGIN:VEVENT
DTSTART;VALUE=DATE:20231109
DESCRIPTION:# https://datos.madrid.es/egob/catalogo/300082-0-calendario_laboral.csv
SUMMARY:Nuesta Señora de la Almudena (Local)
UID:ad357412-4390-4bb5-81c9-a59c15d6d468@ad35.org
END:VEVENT
BEGIN:VEVENT
DTSTART;VALUE=DATE:20241225
DESCRIPTION:# https://www.madrid.es/portales/munimadrid/es/Inicio/Buscador/Calendario-oficial-laboral-y-de-dias-inhabiles-y-festivos-2024-para-Madrid/?vgnextfmt=default&vgnextoid=278557e8f60fa810VgnVCM2000001f4a900aRCRD&vgnextchannel=7db8fc12aa936610VgnVCM1000008a4a900aRCRD
SUMMARY:Natividad del Señor (Estatal)
UID:bab33bda-1ef3-4a36-8e2a-2b1148f5a2ca@bab3.org
END:VEVENT
BEGIN:VEVENT
DTSTART;VALUE=DATE:20240502
DESCRIPTION:# https://www.madrid.es/portales/munimadrid/es/Inicio/Buscador/Calendario-oficial-laboral-y-de-dias-inhabiles-y-festivos-2024-para-Madrid/?vgnextfmt=default&vgnextoid=278557e8f60fa810VgnVCM2000001f4a900aRCRD&vgnextchannel=7db8fc12aa936610VgnVCM1000008a4a900aRCRD
SUMMARY:Fiesta de la Comunidad de Madrid (Autonómica)
UID:a09f04fc-58b6-4018-bd40-894d81e03ab3@a09f.org
END:VEVENT
BEGIN:VEVENT
DTSTART;VALUE=DATE:20260502
DESCRIPTION:# https://www.madrid.es/portales/munimadrid/es/Inicio/Buscador/Calendario-oficial-laboral-y-de-dias-inhabiles-y-festivos-2026-para-Madrid/?vgnextfmt=default&vgnextoid=b59770d1c3589910VgnVCM100000891ecb1aRCRD&vgnextchannel=7db8fc12aa936610VgnVCM1000008a4a900aRCRD
SUMMARY:Fiesta de la Comunidad de Madrid (Autonómica)
UID:9211f4eb-0c82-4f8f-9ac4-208ba49cfc6a@9211.org
END:VEVENT
BEGIN:VEVENT
DTSTART;VALUE=DATE:20230106
DESCRIPTION:# https://datos.madrid.es/egob/catalogo/300082-0-calendario_laboral.csv
SUMMARY:Epifanía del Señor (Estatal)
UID:e9665803-74c8-45f5-a3a4-f8251a80a27b@e966.org
END:VEVENT
BEGIN:VEVENT
DTSTART;VALUE=DATE:20241012
DESCRIPTION:# https://www.madrid.es/portales/munimadrid/es/Inicio/Buscador/Calendario-oficial-laboral-y-de-dias-inhabiles-y-festivos-2024-para-Madrid/?vgnextfmt=default&vgnextoid=278557e8f60fa810VgnVCM2000001f4a900aRCRD&vgnextchannel=7db8fc12aa936610VgnVCM1000008a4a900aRCRD
SUMMARY:Fiesta Nacional de España (Estatal)
UID:b50d4222-1509-4748-b788-a66748bacb08@b50d.org
END:VEVENT
BEGIN:VEVENT
DTSTART;VALUE=DATE:20201102
DESCRIPTION:# https://datos.madrid.es/egob/catalogo/300082-0-calendario_laboral.csv
SUMMARY:Traslado del Día de Todos los Santos (Estatal)
UID:b622fe6d-309f-43fe-9ace-e1fbb5e3c53e@b622.org
END:VEVENT
BEGIN:VEVENT
DTSTART;VALUE=DATE:20201208
DESCRIPTION:# https://datos.madrid.es/egob/catalogo/300082-0-calendario_laboral.csv
SUMMARY:Inmaculada Concepción (Estatal)
UID:8c735277-facd-45ef-9fc7-b2bc2cc587ee@8c73.org
END:VEVENT
BEGIN:VEVENT
DTSTART;VALUE=DATE:20261208
DESCRIPTION:# https://www.madrid.es/portales/munimadrid/es/Inicio/Buscador/Calendario-oficial-laboral-y-de-dias-inhabiles-y-festivos-2026-para-Madrid/?vgnextfmt=default&vgnextoid=b59770d1c3589910VgnVCM100000891ecb1aRCRD&vgnextchannel=7db8fc12aa936610VgnVCM1000008a4a900aRCRD
SUMMARY:Día de la Inmaculada Concepción (Estatal)
UID:bb8edd61-62ec-4e80-8a07-5f10fb692a3e@bb8e.org
END:VEVENT
BEGIN:VEVENT
DTSTART;VALUE=DATE:20250815
DESCRIPTION:# https://datos.madrid.es/portal/site/egob/menuitem.c05c1f754a33a9fbe4b2e4b284f1a5a0/?vgnextoid=9f710c96da3f9510VgnVCM2000001f4a900aRCRD&vgnextchannel=374512b9ace9f310VgnVCM100000171f5a0aRCRD&vgnextfmt=default
SUMMARY:Asunción de la Virgen (Estatal)
UID:5077f26f-1ca9-4fc2-b599-017b9fc8107e@5077.org
END:VEVENT
BEGIN:VEVENT
DTSTART;VALUE=DATE:20210106
DESCRIPTION:# https://datos.madrid.es/egob/catalogo/300082-0-calendario_laboral.csv
SUMMARY:Epifania del Señor (Estatal)
UID:cb34db51-8c71-4b05-a1cb-411fc28542a4@cb34.org
END:VEVENT
BEGIN:VEVENT
DTSTART;VALUE=DATE:20260403
DESCRIPTION:# https://www.madrid.es/portales/munimadrid/es/Inicio/Buscador/Calendario-oficial-laboral-y-de-dias-inhabiles-y-festivos-2026-para-Madrid/?vgnextfmt=default&vgnextoid=b59770d1c3589910VgnVCM100000891ecb1aRCRD&vgnextchannel=7db8fc12aa936610VgnVCM1000008a4a900aRCRD
SUMMARY:Viernes Santo (Estatal)
UID:f51b2302-7f6d-489f-b966-503437fe7746@f51b.org
END:VEVENT
BEGIN:VEVENT
DTSTART;VALUE=DATE:20220516
DESCRIPTION:# https://datos.madrid.es/egob/catalogo/300082-0-calendario_laboral.csv
SUMMARY:Traslado de la festividad de San Isidro Labrador (Local)
UID:361fed21-6b23-4c8f-b56f-371ee8f8d2e9@361f.org
END:VEVENT
BEGIN:VEVENT
DTSTART;VALUE=DATE:20200515
DESCRIPTION:# https://datos.madrid.es/egob/catalogo/300082-0-calendario_laboral.csv
SUMMARY:San Isidro Labrador (Local)
UID:c6a8c678-1e89-4b9c-9a48-38461c988eb3@c6a8.org
END:VEVENT
BEGIN:VEVENT
DTSTART;VALUE=DATE:20240515
DESCRIPTION:# https://www.madrid.es/portales/munimadrid/es/Inicio/Buscador/Calendario-oficial-laboral-y-de-dias-inhabiles-y-festivos-2024-para-Madrid/?vgnextfmt=default&vgnextoid=278557e8f60fa810VgnVCM2000001f4a900aRCRD&vgnextchannel=7db8fc12aa936610VgnVCM1000008a4a900aRCRD
SUMMARY:San Isidro Labrador (Local)
UID:d74e260b-0ef6-4c1e-bf44-a4b036b7683b@d74e.org
END:VEVENT
BEGIN:VEVENT
DTSTART;VALUE=DATE:20260101
DESCRIPTION:# https://www.madrid.es/portales/munimadrid/es/Inicio/Buscador/Calendario-oficial-laboral-y-de-dias-inhabiles-y-festivos-2026-para-Madrid/?vgnextfmt=default&vgnextoid=b59770d1c3589910VgnVCM100000891ecb1aRCRD&vgnextchannel=7db8fc12aa936610VgnVCM1000008a4a900aRCRD
SUMMARY:Año Nuevo (Estatal)
UID:400baf72-29aa-4557-9fe5-43b28447c19e@400b.org
END:VEVENT
BEGIN:VEVENT
DTSTART;VALUE=DATE:20200501
DESCRIPTION:# https://datos.madrid.es/egob/catalogo/300082-0-calendario_laboral.csv
SUMMARY:Fiesta del Trabajo (Estatal)
UID:0dc2b43c-0f6d-4586-a1d5-5da91822e8aa@0dc2.org
END:VEVENT
BEGIN:VEVENT
DTSTART;VALUE=DATE:20260106
DESCRIPTION:# https://www.madrid.es/portales/munimadrid/es/Inicio/Buscador/Calendario-oficial-laboral-y-de-dias-inhabiles-y-festivos-2026-para-Madrid/?vgnextfmt=default&vgnextoid=b59770d1c3589910VgnVCM100000891ecb1aRCRD&vgnextchannel=7db8fc12aa936610VgnVCM1000008a4a900aRCRD
SUMMARY:Epifanía del Señor (Estatal)
UID:15943991-1fc0-4781-9c93-0b734758f602@1594.org
END:VEVENT
BEGIN:VEVENT
DTSTART;VALUE=DATE:20211208
DESCRIPTION:# https://datos.madrid.es/egob/catalogo/300082-0-calendario_laboral.csv
SUMMARY:Inmaculada Concepción (Estatal)
UID:bbbadbc5-82bf-4b7d-811a-e2da542b6676@bbba.org
END:VEVENT
BEGIN:VEVENT
DTSTART;VALUE=DATE:20211012
DESCRIPTION:# https://datos.madrid.es/egob/catalogo/300082-0-calendario_laboral.csv
SUMMARY:Fiesta Nacional de España (Estatal)
UID:aac4ea04-8f0d-4224-9ac8-aa09f3fdf607@aac4.org
END:VEVENT
BEGIN:VEVENT
DTSTART;VALUE=DATE:20210401
DESCRIPTION:# https://datos.madrid.es/egob/catalogo/300082-0-calendario_laboral.csv
SUMMARY:Jueves Santo (Autonómica)
UID:58a1f03a-c515-4509-828e-4caf86e172d6@58a1.org
END:VEVENT
BEGIN:VEVENT
DTSTART;VALUE=DATE:20221012
DESCRIPTION:# https://datos.madrid.es/egob/catalogo/300082-0-calendario_laboral.csv
SUMMARY:Fiesta Nacional de España (Estatal)
UID:f08ac932-bbd6-486a-abf6-ef44ca79d346@f08a.org
END:VEVENT
BEGIN:VEVENT
DTSTART;VALUE=DATE:20250418
DESCRIPTION:# https://datos.madrid.es/portal/site/egob/menuitem.c05c1f754a33a9fbe4b2e4b284f1a5a0/?vgnextoid=9f710c96da3f9510VgnVCM2000001f4a900aRCRD&vgnextchannel=374512b9ace9f310VgnVCM100000171f5a0aRCRD&vgnextfmt=default
SUMMARY:Viernes Santo (Estatal)
UID:2367f1e5-e749-47e5-a817-9c8c52fd114c@2367.org
END:VEVENT
BEGIN:VEVENT
DTSTART;VALUE=DATE:20261109
DESCRIPTION:# https://www.madrid.es/portales/munimadrid/es/Inicio/Buscador/Calendario-oficial-laboral-y-de-dias-inhabiles-y-festivos-2026-para-Madrid/?vgnextfmt=default&vgnextoid=b59770d1c3589910VgnVCM100000891ecb1aRCRD&vgnextchannel=7db8fc12aa936610VgnVCM1000008a4a900aRCRD
SUMMARY:Festividad de Nuesta Señora de la Almudena (Local)
UID:c459cb4d-29b4-4066-b4de-4aecadddc8fb@c459.org
END:VEVENT
BEGIN:VEVENT
DTSTART;VALUE=DATE:20211206
DESCRIPTION:# https://datos.madrid.es/egob/catalogo/300082-0-calendario_laboral.csv
SUMMARY:Día de la Constitución (Estatal)
UID:3e6ccb80-7a22-4eba-9705-dcaf40818589@3e6c.org
END:VEVENT
BEGIN:VEVENT
DTSTART;VALUE=DATE:20260515
DESCRIPTION:# https://www.madrid.es/portales/munimadrid/es/Inicio/Buscador/Calendario-oficial-laboral-y-de-dias-inhabiles-y-festivos-2026-para-Madrid/?vgnextfmt=default&vgnextoid=b59770d1c3589910VgnVCM100000891ecb1aRCRD&vgnextchannel=7db8fc12aa936610VgnVCM1000008a4a900aRCRD
SUMMARY:San Isidro Labrador (Local)
UID:19fafb4b-6599-4bcb-b0e8-18372d691a88@19fa.org
END:VEVENT
BEGIN:VEVENT
DTSTART;VALUE=DATE:20260402
DESCRIPTION:# https://www.madrid.es/portales/munimadrid/es/Inicio/Buscador/Calendario-oficial-laboral-y-de-dias-inhabiles-y-festivos-2026-para-Madrid/?vgnextfmt=default&vgnextoid=b59770d1c3589910VgnVCM100000891ecb1aRCRD&vgnextchannel=7db8fc12aa936610VgnVCM1000008a4a900aRCRD
SUMMARY:Jueves Santo (Autonómica)
UID:a465c023-b3e3-4483-8f7d-e4b858437900@a465.org
END:VEVENT
BEGIN:VEVENT
DTSTART;VALUE=DATE:20220415
DESCRIPTION:# https://datos.madrid.es/egob/catalogo/300082-0-calendario_laboral.csv
SUMMARY:Viernes Santo (Estatal)
UID:9e38f7eb-289d-482b-9690-43f2ee9eedec@9e38.org
END:VEVENT
BEGIN:VEVENT
DTSTART;VALUE=DATE:20240501
DESCRIPTION:# https://www.madrid.es/portales/munimadrid/es/Inicio/Buscador/Calendario-oficial-laboral-y-de-dias-inhabiles-y-festivos-2024-para-Madrid/?vgnextfmt=default&vgnextoid=278557e8f60fa810VgnVCM2000001f4a900aRCRD&vgnextchannel=7db8fc12aa936610VgnVCM1000008a4a900aRCRD
SUMMARY:Fiesta del Trabajo (Estatal)
UID:72c6e7c3-f16c-42be-9d90-96a504650cc9@72c6.org
END:VEVENT
BEGIN:VEVENT
DTSTART;VALUE=DATE:20210402
DESCRIPTION:# https://datos.madrid.es/egob/catalogo/300082-0-calendario_laboral.csv
SUMMARY:Viernes Santo (Estatal)
UID:f9409c5c-a3ae-46df-8b98-b96685f5c3e5@f940.org
END:VEVENT
BEGIN:VEVENT
DTSTART;VALUE=DATE:20230502
DESCRIPTION:# https://datos.madrid.es/egob/catalogo/300082-0-calendario_laboral.csv
SUMMARY:Fiesta de la Comunidad de Madrid (Autonómica)
UID:0c00d809-3923-4bf3-92f0-53410cc61a3b@0c00.org
END:VEVENT
BEGIN:VEVENT
DTSTART;VALUE=DATE:20250502
DESCRIPTION:# https://datos.madrid.es/portal/site/egob/menuitem.c05c1f754a33a9fbe4b2e4b284f1a5a0/?vgnextoid=9f710c96da3f9510VgnVCM2000001f4a900aRCRD&vgnextchannel=374512b9ace9f310VgnVCM100000171f5a0aRCRD&vgnextfmt=default
SUMMARY:Fiesta de la Comunidad de Madrid (Autonómica)
UID:c475b22a-79b4-43fa-a157-284e84929048@c475.org
END:VEVENT
BEGIN:VEVENT
DTSTART;VALUE=DATE:20230320
DESCRIPTION:# https://datos.madrid.es/egob/catalogo/300082-0-calendario_laboral.csv
SUMMARY:Translado de la festividad de San José (Estatal)
UID:ab38b82e-6bc6-4bb1-b684-2be63882ff7e@ab38.org
END:VEVENT
BEGIN:VEVENT
DTSTART;VALUE=DATE:20210515
DESCRIPTION:# https://datos.madrid.es/egob/catalogo/300082-0-calendario_laboral.csv
SUMMARY:San Isidro Labrador (Local)
UID:fe962e8b-b89b-4fec-8923-2d83b297851e@fe96.org
END:VEVENT
BEGIN:VEVENT
DTSTART;VALUE=DATE:20250501
DESCRIPTION:# https://datos.madrid.es/portal/site/egob/menuitem.c05c1f754a33a9fbe4b2e4b284f1a5a0/?vgnextoid=9f710c96da3f9510VgnVCM2000001f4a900aRCRD&vgnextchannel=374512b9ace9f310VgnVCM100000171f5a0aRCRD&vgnextfmt=default
SUMMARY:Fiesta del Trabajo (Estatal)
UID:5473d562-567e-40c8-9eb4-bc1be226a927@5473.org
END:VEVENT
BEGIN:VEVENT
DTSTART;VALUE=DATE:20200502
DESCRIPTION:# https://datos.madrid.es/egob/catalogo/300082-0-calendario_laboral.csv
SUMMARY:Fiesta de la Comunidad de Madrid (Autonómica)
UID:d0b0aaec-086a-462c-af9d-5ffa003e9c46@d0b0.org
END:VEVENT
BEGIN:VEVENT
DTSTART;VALUE=DATE:20241109
DESCRIPTION:# https://www.madrid.es/portales/munimadrid/es/Inicio/Buscador/Calendario-oficial-laboral-y-de-dias-inhabiles-y-festivos-2024-para-Madrid/?vgnextfmt=default&vgnextoid=278557e8f60fa810VgnVCM2000001f4a900aRCRD&vgnextchannel=7db8fc12aa936610VgnVCM1000008a4a900aRCRD
SUMMARY:Nuesta Señora de la Almudena (Local)
UID:cd524ac0-b2ac-42c0-af34-c0d10532f7f3@cd52.org
END:VEVENT
BEGIN:VEVENT
DTSTART;VALUE=DATE:20241101
DESCRIPTION:# https://www.madrid.es/portales/munimadrid/es/Inicio/Buscador/Calendario-oficial-laboral-y-de-dias-inhabiles-y-festivos-2024-para-Madrid/?vgnextfmt=default&vgnextoid=278557e8f60fa810VgnVCM2000001f4a900aRCRD&vgnextchannel=7db8fc12aa936610VgnVCM1000008a4a900aRCRD
SUMMARY:Todos los Santos (Estatal)
UID:d54e2684-1788-4818-ae70-9d45acb3ba3b@d54e.org
END:VEVENT
BEGIN:VEVENT
DTSTART;VALUE=DATE:20240815
DESCRIPTION:# https://www.madrid.es/portales/munimadrid/es/Inicio/Buscador/Calendario-oficial-laboral-y-de-dias-inhabiles-y-festivos-2024-para-Madrid/?vgnextfmt=default&vgnextoid=278557e8f60fa810VgnVCM2000001f4a900aRCRD&vgnextchannel=7db8fc12aa936610VgnVCM1000008a4a900aRCRD
SUMMARY:Asunción de la Virgen (Estatal)
UID:6c2f87cf-0b14-4951-9562-1b009f41dd9b@6c2f.org
END:VEVENT
BEGIN:VEVENT
DTSTART;VALUE=DATE:20221101
DESCRIPTION:# https://datos.madrid.es/egob/catalogo/300082-0-calendario_laboral.csv
SUMMARY:Todos los Santos (Estatal)
UID:2b9eea78-2f61-46a8-b950-dd70163f4059@2b9e.org
END:VEVENT
BEGIN:VEVENT
DTSTART;VALUE=DATE:20261225
DESCRIPTION:# https://www.madrid.es/portales/munimadrid/es/Inicio/Buscador/Calendario-oficial-laboral-y-de-dias-inhabiles-y-festivos-2026-para-Madrid/?vgnextfmt=default&vgnextoid=b59770d1c3589910VgnVCM100000891ecb1aRCRD&vgnextchannel=7db8fc12aa936610VgnVCM1000008a4a900aRCRD
SUMMARY:Natividad del Señor (Estatal)
UID:64d60dd5-2aa4-4166-9563-3a689b69cdfa@64d6.org
END:VEVENT
BEGIN:VEVENT
DTSTART;VALUE=DATE:20251110
DESCRIPTION:# https://datos.madrid.es/portal/site/egob/menuitem.c05c1f754a33a9fbe4b2e4b284f1a5a0/?vgnextoid=9f710c96da3f9510VgnVCM2000001f4a900aRCRD&vgnextchannel=374512b9ace9f310VgnVCM100000171f5a0aRCRD&vgnextfmt=default
SUMMARY:Traslado de la festividad de Nuesta Señora de la Almudena (Local)
UID:e136a828-4534-421f-9e4c-bd034e163ae3@e136.org
END:VEVENT
END:VCALENDAR